{
  "losses_distributed": [],
  "losses_centralized": [
    [
      0,
      0.6817761659622192
    ],
    [
      1,
      3.176225423812866
    ],
    [
      2,
      0.9111334085464478
    ]
  ],
  "metrics_distributed": {},
  "metrics_centralized": {
    "accuracy": [
      [
        0,
        0.7019867549668874
      ],
      [
        1,
        0.7019867549668874
      ],
      [
        2,
        0.7880794701986755
      ]
    ]
  },
  "metrics_distributed_fit": {
    "train_loss": [
      [
        1,
        0.4707714557100874
      ],
      [
        2,
        0.337616171091505
      ]
    ]
  }
}