{
  "losses_distributed": [],
  "losses_centralized": [
    [
      0,
      0.6961197555065155
    ],
    [
      1,
      0.5125173479318619
    ],
    [
      2,
      0.4839126020669937
    ]
  ],
  "metrics_distributed": {},
  "metrics_centralized": {
    "accuracy": [
      [
        0,
        0.3157894736842105
      ],
      [
        1,
        0.7105263157894737
      ],
      [
        2,
        0.7631578947368421
      ]
    ]
  },
  "metrics_distributed_fit": {
    "train_loss": [
      [
        1,
        0.4896314842005571
      ],
      [
        2,
        0.42534966493646303
      ]
    ]
  }
}