{
  "losses_distributed": [],
  "losses_centralized": [
    [
      0,
      0.6991935491561889
    ],
    [
      1,
      0.5708642840385437
    ],
    [
      2,
      0.49774646759033203
    ]
  ],
  "metrics_distributed": {},
  "metrics_centralized": {
    "accuracy": [
      [
        0,
        0.2980132450331126
      ],
      [
        1,
        0.7019867549668874
      ],
      [
        2,
        0.7483443708609272
      ]
    ]
  },
  "metrics_distributed_fit": {
    "train_loss": [
      [
        1,
        0.5949719908298823
      ],
      [
        2,
        0.511451942437954
      ]
    ]
  }
}