{
  "losses_distributed": [],
  "losses_centralized": [
    [
      0,
      0.6957086443901062
    ],
    [
      1,
      0.5645827412605285
    ],
    [
      2,
      0.4842932462692261
    ]
  ],
  "metrics_distributed": {},
  "metrics_centralized": {
    "accuracy": [
      [
        0,
        0.3443708609271523
      ],
      [
        1,
        0.7019867549668874
      ],
      [
        2,
        0.7748344370860927
      ]
    ]
  },
  "metrics_distributed_fit": {
    "train_loss": [
      [
        1,
        0.594329718279779
      ],
      [
        2,
        0.49843515129142824
      ]
    ]
  }
}