{
  "losses_distributed": [],
  "losses_centralized": [
    [
      0,
      0.6931352019309998
    ],
    [
      1,
      0.6931352019309998
    ],
    [
      2,
      0.6931352019309998
    ]
  ],
  "metrics_distributed": {},
  "metrics_centralized": {
    "accuracy": [
      [
        0,
        0.4375
      ],
      [
        1,
        0.4375
      ],
      [
        2,
        0.4375
      ]
    ]
  },
  "metrics_distributed_fit": {}
}