{
  "losses_distributed": [],
  "losses_centralized": [
    [
      0,
      0.7021642923355103
    ],
    [
      1,
      0.5525082349777222
    ],
    [
      2,
      0.5219531655311584
    ]
  ],
  "metrics_distributed": {},
  "metrics_centralized": {
    "accuracy": [
      [
        0,
        0.3157894736842105
      ],
      [
        1,
        0.6907894736842105
      ],
      [
        2,
        0.7171052631578947
      ]
    ]
  },
  "metrics_distributed_fit": {
    "train_loss": [
      [
        1,
        8.902371853590012
      ],
      [
        2,
        7.123566836118698
      ]
    ]
  }
}