{
  "metadata": {
    "centralized_seeds": [
      42,
      43,
      44,
      45,
      46
    ],
    "federated_seeds": [
      44,
      45,
      46,
      47,
      48
    ],
    "n_runs_per_paradigm": 5,
    "pairing_note": "Seeds paired by run order (42\u219444, 43\u219445, etc.)"
  },
  "summary_stats": {
    "centralized": {
      "accuracy": {
        "mean": 0.7498180627822876,
        "std": 0.0470093885381152,
        "min": 0.6794574856758118,
        "max": 0.795401930809021,
        "n": 5,
        "values": [
          0.7282500863075256,
          0.784650981426239,
          0.6794574856758118,
          0.7613298296928406,
          0.795401930809021
        ]
      },
      "precision": {
        "mean": 0.5711839079856873,
        "std": 0.052824071781682455,
        "min": 0.4963384866714477,
        "max": 0.624722421169281,
        "n": 5,
        "values": [
          0.5409035682678223,
          0.6119073629379272,
          0.4963384866714477,
          0.582047700881958,
          0.624722421169281
        ]
      },
      "recall": {
        "mean": 0.901622188091278,
        "std": 0.03916614860321495,
        "min": 0.8686551451683044,
        "max": 0.9576138257980348,
        "n": 5,
        "values": [
          0.9272632002830504,
          0.8712716102600098,
          0.9576138257980348,
          0.8686551451683044,
          0.883307158946991
        ]
      },
      "f1_score": {
        "mean": 0.6969695806503295,
        "std": 0.030615593156845238,
        "min": 0.6538049578666687,
        "max": 0.7318447828292847,
        "n": 5,
        "values": [
          0.6832465529441833,
          0.7189119458198547,
          0.6538049578666687,
          0.6970396637916565,
          0.7318447828292847
        ]
      },
      "auroc": {
        "mean": 0.8925238490104676,
        "std": 0.008661385766506562,
        "min": 0.8782840371131897,
        "max": 0.8992034196853638,
        "n": 5,
        "values": [
          0.898125410079956,
          0.8966171741485596,
          0.8903892040252686,
          0.8782840371131897,
          0.8992034196853638
        ]
      }
    },
    "federated": {
      "accuracy": {
        "mean": 0.5654590570719604,
        "std": 0.11871001629314466,
        "min": 0.4001654259718776,
        "max": 0.7235732009925558,
        "n": 5,
        "values": [
          0.4001654259718776,
          0.5172870140612076,
          0.7235732009925558,
          0.6029776674937966,
          0.5832919768403639
        ]
      },
      "precision": {
        "mean": 0.3744288206100464,
        "std": 0.06646977572146172,
        "min": 0.2958984375,
        "max": 0.4761230945587158,
        "n": 5,
        "values": [
          0.2958984375,
          0.3427400887012481,
          0.4761230945587158,
          0.3865546286106109,
          0.370827853679657
        ]
      },
      "recall": {
        "mean": 0.9440104126930237,
        "std": 0.046244588340021944,
        "min": 0.8763020634651184,
        "max": 0.986328125,
        "n": 5,
        "values": [
          0.986328125,
          0.98046875,
          0.8763020634651184,
          0.9583333134651184,
          0.9186198115348816
        ]
      },
      "f1_score": {
        "mean": 0.531884902715683,
        "std": 0.05930823920784684,
        "min": 0.4552283585071563,
        "max": 0.6170066595077515,
        "n": 5,
        "values": [
          0.4552283585071563,
          0.507925808429718,
          0.6170066595077515,
          0.5508981943130493,
          0.5283654928207397
        ]
      },
      "auroc": {
        "mean": 0.8503442645072937,
        "std": 0.02193416678879438,
        "min": 0.8171126246452332,
        "max": 0.8687583208084106,
        "n": 5,
        "values": [
          0.8171126246452332,
          0.8687583208084106,
          0.8605852127075195,
          0.8661540746688843,
          0.8391110897064209
        ]
      }
    }
  },
  "statistical_tests": {
    "accuracy": {
      "paired_t_test": {
        "t_statistic": 2.8934583474181084,
        "p_value": 0.04440843917293889,
        "significant": true
      },
      "cohens_d": 2.042018013885153,
      "effect_size": "large"
    },
    "precision": {
      "paired_t_test": {
        "t_statistic": 4.293324740208145,
        "p_value": 0.012712621693555115,
        "significant": true
      },
      "cohens_d": 3.277291665570828,
      "effect_size": "large"
    },
    "recall": {
      "paired_t_test": {
        "t_statistic": -1.268584599165033,
        "p_value": 0.2733910667462282,
        "significant": false
      },
      "cohens_d": -0.9891824818249481,
      "effect_size": "large"
    },
    "f1_score": {
      "paired_t_test": {
        "t_statistic": 4.730437682355912,
        "p_value": 0.009101149131363749,
        "significant": true
      },
      "cohens_d": 3.4979093243405766,
      "effect_size": "large"
    },
    "auroc": {
      "paired_t_test": {
        "t_statistic": 3.393367225974055,
        "p_value": 0.02744461049881737,
        "significant": true
      },
      "cohens_d": 2.5294738678770843,
      "effect_size": "large"
    }
  },
  "coefficient_of_variation": {
    "centralized": {
      "accuracy": 6.27,
      "precision": 9.25,
      "recall": 4.34,
      "f1_score": 4.39,
      "auroc": 0.97
    },
    "federated": {
      "accuracy": 20.99,
      "precision": 17.75,
      "recall": 4.9,
      "f1_score": 11.15,
      "auroc": 2.58
    }
  },
  "fairness_metrics": {
    "centralized": {
      "aggregate": {
        "tp": 8997,
        "tn": 11470,
        "fp": 9205,
        "fn": 558,
        "sensitivity": 0.9416012558869702,
        "specificity": 0.5547762998790811,
        "fnr": 0.058398744113029824,
        "fpr": 0.445223700120919
      },
      "per_run": [
        {
          "seed": 42,
          "tp": 1772,
          "tn": 2631,
          "fp": 1504,
          "fn": 139,
          "sensitivity": 0.9272632129774987,
          "specificity": 0.6362756952841596,
          "fnr": 0.0727367870225013,
          "fpr": 0.3637243047158404
        },
        {
          "seed": 43,
          "tp": 1748,
          "tn": 2698,
          "fp": 1437,
          "fn": 163,
          "sensitivity": 0.9147043432757719,
          "specificity": 0.652478839177751,
          "fnr": 0.08529565672422812,
          "fpr": 0.34752116082224904
        },
        {
          "seed": 44,
          "tp": 1830,
          "tn": 2278,
          "fp": 1857,
          "fn": 81,
          "sensitivity": 0.957613814756672,
          "specificity": 0.550906892382104,
          "fnr": 0.042386185243328045,
          "fpr": 0.449093107617896
        },
        {
          "seed": 45,
          "tp": 1873,
          "tn": 1142,
          "fp": 2993,
          "fn": 38,
          "sensitivity": 0.9801151229722659,
          "specificity": 0.2761789600967352,
          "fnr": 0.019884877027734116,
          "fpr": 0.7238210399032647
        },
        {
          "seed": 46,
          "tp": 1774,
          "tn": 2721,
          "fp": 1414,
          "fn": 137,
          "sensitivity": 0.9283097854526426,
          "specificity": 0.6580411124546554,
          "fnr": 0.07169021454735736,
          "fpr": 0.34195888754534465
        }
      ]
    },
    "federated": {
      "aggregate": {
        "tp": 7250,
        "tn": 9841,
        "fp": 12704,
        "fn": 430,
        "sensitivity": 0.9440104166666666,
        "specificity": 0.4365047682412952,
        "fnr": 0.055989583333333336,
        "fpr": 0.5634952317587049
      },
      "per_run": [
        {
          "seed": 44,
          "tp": 1515,
          "tn": 904,
          "fp": 3605,
          "fn": 21,
          "sensitivity": 0.986328125,
          "specificity": 0.20048791306276337,
          "fnr": 0.013671875,
          "fpr": 0.7995120869372366
        },
        {
          "seed": 45,
          "tp": 1506,
          "tn": 1621,