{
  "run_id": 9,
  "training_mode": "centralized",
  "seed": 584708819,
  "final_metrics": {
    "accuracy": 0.7293729186058044,
    "precision": 0.5479452013969421,
    "recall": 0.8333333134651184,
    "f1": 0.6611570119857788,
    "auroc": 0.8245773315429688,
    "loss": 0.726608395576477
  },
  "metrics_history": [
    {
      "epoch": 0.0,
      "global_step": 38.0,
      "lr-AdamW": 0.0010000000474974513,
      "lr-AdamW-momentum": 0.8999999761581421,
      "val_loss": 0.8402217626571655,
      "val_acc": 0.7260726094245911,
      "val_precision": 0.6226415038108826,
      "val_recall": 0.34375,
      "val_f1": 0.4429530203342438,
      "val_auroc": 0.7949627637863159,
      "learning_rate": 0.001,
      "val_cm_tn": 187.0,
      "val_cm_fp": 20.0,
      "val_cm_fn": 63.0,
      "val_cm_tp": 33.0,
      "train_loss": 0.8578518033027649,
      "train_acc": 0.6807278990745544,
      "train_f1": 0.5682326555252075
    },
    {
      "epoch": 1.0,
      "global_step": 76.0,
      "lr-AdamW": 0.0010000000474974513,
      "lr-AdamW-momentum": 0.8999999761581421,
      "val_loss": 0.7275182604789734,
      "val_acc": 0.7458745837211609,
      "val_precision": 0.5759999752044678,
      "val_recall": 0.75,
      "val_f1": 0.651583731174469,
      "val_auroc": 0.8096820116043091,
      "val_cm_tn": 154.0,
      "val_cm_fp": 53.0,
      "val_cm_fn": 24.0,
      "val_cm_tp": 72.0,
      "train_loss": 0.708945631980896,
      "train_acc": 0.7543424367904663,
      "train_f1": 0.6644067764282227,
      "learning_rate": 0.001
    },
    {
      "epoch": 2.0,
      "global_step": 114.0,
      "lr-AdamW": 0.0010000000474974513,
      "lr-AdamW-momentum": 0.8999999761581421,
      "val_loss": 0.7013675570487976,
      "val_acc": 0.7326732873916626,
      "val_precision": 0.5539568066596985,
      "val_recall": 0.8020833134651184,
      "val_f1": 0.6553191542625427,
      "val_auroc": 0.8222624659538269,
      "val_cm_tn": 145.0,
      "val_cm_fp": 62.0,
      "val_cm_fn": 19.0,
      "val_cm_tp": 77.0,
      "train_loss": 0.6883532404899597,
      "train_acc": 0.7535153031349182,
      "train_f1": 0.6718061566352844,
      "learning_rate": 0.001
    },
    {
      "epoch": 3.0,
      "global_step": 152.0,
      "lr-AdamW": 0.0010000000474974513,
      "lr-AdamW-momentum": 0.8999999761581421,
      "val_loss": 0.7457624077796936,
      "val_acc": 0.6831682920455933,
      "val_precision": 0.5,
      "val_recall": 0.8854166865348816,
      "val_f1": 0.6390977501869202,
      "val_auroc": 0.8178592920303345,
      "val_cm_tn": 122.0,
      "val_cm_fp": 85.0,
      "val_cm_fn": 11.0,
      "val_cm_tp": 85.0,
      "train_loss": 0.6602209210395813,
      "train_acc": 0.7956989407539368,
      "train_f1": 0.7151095867156982,
      "learning_rate": 0.001
    },
    {
      "epoch": 4.0,
      "global_step": 190.0,
      "lr-AdamW": 0.0010000000474974513,
      "lr-AdamW-momentum": 0.8999999761581421,
      "val_loss": 0.7363399267196655,
      "val_acc": 0.7656765580177307,
      "val_precision": 0.6126126050949097,
      "val_recall": 0.7083333134651184,
      "val_f1": 0.6570048332214355,
      "val_auroc": 0.8252062797546387,
      "val_cm_tn": 164.0,
      "val_cm_fp": 43.0,
      "val_cm_fn": 28.0,
      "val_cm_tp": 68.0,
      "train_loss": 0.6731609106063843,
      "train_acc": 0.7444168925285339,
      "train_f1": 0.6716259121894836,
      "learning_rate": 0.001
    },
    {
      "epoch": 5.0,
      "global_step": 228.0,
      "lr-AdamW": 0.0010000000474974513,
      "lr-AdamW-momentum": 0.8999999761581421,
      "val_loss": 0.7204296588897705,
      "val_acc": 0.7788779139518738,
      "val_precision": 0.6283186078071594,
      "val_recall": 0.7395833134651184,
      "val_f1": 0.679425835609436,
      "val_auroc": 0.8319746255874634,
      "val_cm_tn": 165.0,
      "val_cm_fp": 42.0,
      "val_cm_fn": 25.0,
      "val_cm_tp": 71.0,
      "train_loss": 0.665659487247467,
      "train_acc": 0.7584781050682068,
      "train_f1": 0.6791208982467651,
      "learning_rate": 0.001
    },
    {
      "epoch": 6.0,
      "global_step": 266.0,
      "lr-AdamW": 0.0010000000474974513,
      "lr-AdamW-momentum": 0.8999999761581421,
      "val_loss": 0.7099280953407288,
      "val_acc": 0.7161716222763062,
      "val_precision": 0.5304877758026123,
      "val_recall": 0.90625,
      "val_f1": 0.6692307591438293,
      "val_auroc": 0.8234953880310059,
      "val_cm_tn": 130.0,
      "val_cm_fp": 77.0,
      "val_cm_fn": 9.0,
      "val_cm_tp": 87.0,
      "train_loss": 0.6464961171150208,
      "train_acc": 0.7692307829856873,
      "train_f1": 0.6917126774787903,
      "learning_rate": 0.001
    },
    {
      "epoch": 7.0,
      "global_step": 304.0,
      "lr-AdamW": 0.0010000000474974513,
      "lr-AdamW-momentum": 0.8999999761581421,
      "val_loss": 0.7184742093086243,
      "val_acc": 0.7326732873916626,
      "val_precision": 0.5490196347236633,
      "val_recall": 0.875,
      "val_f1": 0.6746987700462341,
      "val_auroc": 0.8230173587799072,
      "val_cm_tn": 138.0,
      "val_cm_fp": 69.0,
      "val_cm_fn": 12.0,
      "val_cm_tp": 84.0,
      "train_loss": 0.6395666599273682,
      "train_acc": 0.7783291935920715,
      "train_f1": 0.7035398483276367,
      "learning_rate": 0.001
    },
    {
      "epoch": 8.0,
      "global_step": 342.0,
      "lr-AdamW": 0.0010000000474974513,
      "lr-AdamW-momentum": 0.8999999761581421,
      "val_loss": 0.7428750991821289,
      "val_acc": 0.7623762488365173,
      "val_precision": 0.6090909242630005,
      "val_recall": 0.6979166865348816,
      "val_f1": 0.6504854559898376,
      "val_auroc": 0.825130820274353,
      "val_cm_tn": 164.0,
      "val_cm_fp": 43.0,
      "val_cm_fn": 29.0,
      "val_cm_tp": 67.0,
      "train_loss": 0.6350435018539429,
      "train_acc": 0.7808105945587158,
      "train_f1": 0.7025813460350037,
      "learning_rate": 0.001
    },
    {
      "epoch": 9.0,
      "global_step": 380.0,
      "lr-AdamW": 0.0010000000474974513,
      "lr-AdamW-momentum": 0.8999999761581421,
      "val_loss": 0.726608395576477,
      "val_acc": 0.7293729186058044,
      "val_precision": 0.5479452013969421,
      "val_recall": 0.8333333134651184,
      "val_f1": 0.6611570119857788,
      "val_auroc": 0.8245773315429688,
      "val_cm_tn": 141.0,
      "val_cm_fp": 66.0,
      "val_cm_fn": 16.0,
      "val_cm_tp": 80.0,
      "train_loss": 0.6092724204063416,
      "train_acc": 0.7849462628364563,
      "train_f1": 0.7104676961898804,
      "learning_rate": 0.001
    }
  ],
  "training_duration_seconds": 327.5273241996765,
  "best_epoch": 7,
  "best_model_path": "C:\\Users\\User\\Projects\\FYP2\\analysis_output_research\\experiments\\centralized\\run_9\\checkpoints\\pneumonia_model_06_0.906.ckpt",
  "config_snapshot": {
    "epochs": 10,
    "batch_size": 32,
    "learning_rate": 0.001,
    "seed": 584708819
  },
  "timestamp": "2025-12-23T00:09:32.616081"
}