{
  "run_id": 1,
  "training_mode": "centralized",
  "seed": 1518965011,
  "final_metrics": {
    "accuracy": 0.7458745837211609,
    "precision": 0.568345308303833,
    "recall": 0.8229166865348816,
    "f1": 0.672340452671051,
    "auroc": 0.8254075646400452,
    "loss": 0.7341210246086121
  },
  "metrics_history": [
    {
      "epoch": 0.0,
      "global_step": 38.0,
      "lr-AdamW": 0.0010000000474974513,
      "lr-AdamW-momentum": 0.8999999761581421,
      "val_loss": 0.8251384496688843,
      "val_acc": 0.7557755708694458,
      "val_precision": 0.6666666865348816,
      "val_recall": 0.4583333432674408,
      "val_f1": 0.5432098507881165,
      "val_auroc": 0.7858545184135437,
      "learning_rate": 0.001,
      "val_cm_tn": 185.0,
      "val_cm_fp": 22.0,
      "val_cm_fn": 52.0,
      "val_cm_tp": 44.0,
      "train_loss": 0.8506001830101013,
      "train_acc": 0.7179487347602844,
      "train_f1": 0.5385656356811523
    },
    {
      "epoch": 1.0,
      "global_step": 76.0,
      "lr-AdamW": 0.0010000000474974513,
      "lr-AdamW-momentum": 0.8999999761581421,
      "val_loss": 0.715995728969574,
      "val_acc": 0.735973596572876,
      "val_precision": 0.5571428537368774,
      "val_recall": 0.8125,
      "val_f1": 0.6610169410705566,
      "val_auroc": 0.8204509019851685,
      "val_cm_tn": 145.0,
      "val_cm_fp": 62.0,
      "val_cm_fn": 18.0,
      "val_cm_tp": 78.0,
      "train_loss": 0.7049657106399536,
      "train_acc": 0.7493796348571777,
      "train_f1": 0.6622073650360107,
      "learning_rate": 0.001
    },
    {
      "epoch": 2.0,
      "global_step": 114.0,
      "lr-AdamW": 0.0010000000474974513,
      "lr-AdamW-momentum": 0.8999999761581421,
      "val_loss": 0.7510465383529663,
      "val_acc": 0.7623762488365173,
      "val_precision": 0.6034482717514038,
      "val_recall": 0.7291666865348816,
      "val_f1": 0.6603773832321167,
      "val_auroc": 0.8169786930084229,
      "val_cm_tn": 161.0,
      "val_cm_fp": 46.0,
      "val_cm_fn": 26.0,
      "val_cm_tp": 70.0,
      "train_loss": 0.6809755563735962,
      "train_acc": 0.751861035823822,
      "train_f1": 0.6739130616188049,
      "learning_rate": 0.001
    },
    {
      "epoch": 3.0,
      "global_step": 152.0,
      "lr-AdamW": 0.0010000000474974513,
      "lr-AdamW-momentum": 0.8999999761581421,
      "val_loss": 0.8324280977249146,
      "val_acc": 0.7656765580177307,
      "val_precision": 0.6470588445663452,
      "val_recall": 0.5729166865348816,
      "val_f1": 0.6077347993850708,
      "val_auroc": 0.8127012848854065,
      "val_cm_tn": 177.0,
      "val_cm_fp": 30.0,
      "val_cm_fn": 41.0,
      "val_cm_tp": 55.0,
      "train_loss": 0.6747565269470215,
      "train_acc": 0.7559967041015625,
      "train_f1": 0.6747519373893738,
      "learning_rate": 0.001
    },
    {
      "epoch": 4.0,
      "global_step": 190.0,
      "lr-AdamW": 0.0010000000474974513,
      "lr-AdamW-momentum": 0.8999999761581421,
      "val_loss": 0.7969607710838318,
      "val_acc": 0.7656765580177307,
      "val_precision": 0.6288659572601318,
      "val_recall": 0.6354166865348816,
      "val_f1": 0.6321243643760681,
      "val_auroc": 0.8148399591445923,
      "val_cm_tn": 171.0,
      "val_cm_fp": 36.0,
      "val_cm_fn": 35.0,
      "val_cm_tp": 61.0,
      "train_loss": 0.6407060623168945,
      "train_acc": 0.7758477926254272,
      "train_f1": 0.6998892426490784,
      "learning_rate": 0.001
    },
    {
      "epoch": 5.0,
      "global_step": 228.0,
      "lr-AdamW": 0.0010000000474974513,
      "lr-AdamW-momentum": 0.8999999761581421,
      "val_loss": 0.7485853433609009,
      "val_acc": 0.6765676736831665,
      "val_precision": 0.4941176474094391,
      "val_recall": 0.875,
      "val_f1": 0.6315789222717285,
      "val_auroc": 0.8147393465042114,
      "val_cm_tn": 121.0,
      "val_cm_fp": 86.0,
      "val_cm_fn": 12.0,
      "val_cm_tp": 84.0,
      "train_loss": 0.6817227602005005,
      "train_acc": 0.7510339021682739,
      "train_f1": 0.6801275014877319,
      "learning_rate": 0.001
    },
    {
      "epoch": 6.0,
      "global_step": 266.0,
      "lr-AdamW": 0.0010000000474974513,
      "lr-AdamW-momentum": 0.8999999761581421,
      "val_loss": 0.7502277493476868,
      "val_acc": 0.7524752616882324,
      "val_precision": 0.5853658318519592,
      "val_recall": 0.75,
      "val_f1": 0.6575342416763306,
      "val_auroc": 0.8185638189315796,
      "val_cm_tn": 156.0,
      "val_cm_fp": 51.0,
      "val_cm_fn": 24.0,
      "val_cm_tp": 72.0,
      "train_loss": 0.6534966826438904,
      "train_acc": 0.7510339021682739,
      "train_f1": 0.6752966642379761,
      "learning_rate": 0.001
    },
    {
      "epoch": 7.0,
      "global_step": 304.0,
      "lr-AdamW": 0.0010000000474974513,
      "lr-AdamW-momentum": 0.8999999761581421,
      "val_loss": 0.7810596227645874,
      "val_acc": 0.7788779139518738,
      "val_precision": 0.6283186078071594,
      "val_recall": 0.7395833134651184,
      "val_f1": 0.679425835609436,
      "val_auroc": 0.8207528591156006,
      "val_cm_tn": 165.0,
      "val_cm_fp": 42.0,
      "val_cm_fn": 25.0,
      "val_cm_tp": 71.0,
      "train_loss": 0.6566321849822998,
      "train_acc": 0.7634408473968506,
      "train_f1": 0.6864035129547119,
      "learning_rate": 0.001
    },
    {
      "epoch": 8.0,
      "global_step": 342.0,
      "lr-AdamW": 0.0010000000474974513,
      "lr-AdamW-momentum": 0.8999999761581421,
      "val_loss": 0.7686136960983276,
      "val_acc": 0.7656765580177307,
      "val_precision": 0.6068376302719116,
      "val_recall": 0.7395833134651184,
      "val_f1": 0.6666666865348816,
      "val_auroc": 0.8259108066558838,
      "val_cm_tn": 161.0,
      "val_cm_fp": 46.0,
      "val_cm_fn": 25.0,
      "val_cm_tp": 71.0,
      "train_loss": 0.6584547758102417,
      "train_acc": 0.7609594464302063,
      "train_f1": 0.680662989616394,
      "learning_rate": 0.001
    },
    {
      "epoch": 9.0,
      "global_step": 380.0,
      "lr-AdamW": 0.0010000000474974513,
      "lr-AdamW-momentum": 0.8999999761581421,
      "val_loss": 0.7341210246086121,
      "val_acc": 0.7458745837211609,
      "val_precision": 0.568345308303833,
      "val_recall": 0.8229166865348816,
      "val_f1": 0.672340452671051,
      "val_auroc": 0.8254075646400452,
      "val_cm_tn": 147.0,
      "val_cm_fp": 60.0,
      "val_cm_fn": 17.0,
      "val_cm_tp": 79.0,
      "train_loss": 0.6355673670768738,
      "train_acc": 0.7609594464302063,
      "train_f1": 0.6834611296653748,
      "learning_rate": 0.001
    }
  ],
  "training_duration_seconds": 330.17568850517273,
  "best_epoch": 6,
  "best_model_path": "C:\\Users\\User\\Projects\\FYP2\\analysis_output_research\\experiments\\centralized\\run_1\\checkpoints\\pneumonia_model_05_0.875.ckpt",
  "config_snapshot": {
    "epochs": 10,
    "batch_size": 32,
    "learning_rate": 0.001,
    "seed": 1518965011
  },
  "timestamp": "2025-12-22T23:28:38.182834"
}