{
  "run_id": 8,
  "training_mode": "centralized",
  "seed": 1612272681,
  "final_metrics": {
    "accuracy": 0.7953795194625854,
    "precision": 0.6440678238868713,
    "recall": 0.7916666865348816,
    "f1": 0.7102803587913513,
    "auroc": 0.8651620149612427,
    "loss": 0.6457834839820862
  },
  "metrics_history": [
    {
      "epoch": 0.0,
      "global_step": 38.0,
      "lr-AdamW": 0.0010000000474974513,
      "lr-AdamW-momentum": 0.8999999761581421,
      "val_loss": 0.7875873446464539,
      "val_acc": 0.7590758800506592,
      "val_precision": 0.6352941393852234,
      "val_recall": 0.5625,
      "val_f1": 0.5966851115226746,
      "val_auroc": 0.8168025016784668,
      "learning_rate": 0.001,
      "val_cm_tn": 176.0,
      "val_cm_fp": 31.0,
      "val_cm_fn": 42.0,
      "val_cm_tp": 54.0,
      "train_loss": 0.8777644038200378,
      "train_acc": 0.6228287816047668,
      "train_f1": 0.4922049045562744
    },
    {
      "epoch": 1.0,
      "global_step": 76.0,
      "lr-AdamW": 0.0010000000474974513,
      "lr-AdamW-momentum": 0.8999999761581421,
      "val_loss": 0.6817929148674011,
      "val_acc": 0.7920792102813721,
      "val_precision": 0.6486486196517944,
      "val_recall": 0.75,
      "val_f1": 0.695652186870575,
      "val_auroc": 0.8428693413734436,
      "val_cm_tn": 168.0,
      "val_cm_fp": 39.0,
      "val_cm_fn": 24.0,
      "val_cm_tp": 72.0,
      "train_loss": 0.7452816367149353,
      "train_acc": 0.7460711598396301,
      "train_f1": 0.6507394909858704,
      "learning_rate": 0.001
    },
    {
      "epoch": 2.0,
      "global_step": 114.0,
      "lr-AdamW": 0.0010000000474974513,
      "lr-AdamW-momentum": 0.8999999761581421,
      "val_loss": 0.6463261246681213,
      "val_acc": 0.7524752616882324,
      "val_precision": 0.5734265446662903,
      "val_recall": 0.8541666865348816,
      "val_f1": 0.6861924529075623,
      "val_auroc": 0.8579407930374146,
      "val_cm_tn": 146.0,
      "val_cm_fp": 61.0,
      "val_cm_fn": 14.0,
      "val_cm_tp": 82.0,
      "train_loss": 0.7294082045555115,
      "train_acc": 0.7386269569396973,
      "train_f1": 0.6359447240829468,
      "learning_rate": 0.001
    },
    {
      "epoch": 3.0,
      "global_step": 152.0,
      "lr-AdamW": 0.0010000000474974513,
      "lr-AdamW-momentum": 0.8999999761581421,
      "val_loss": 0.6427308917045593,
      "val_acc": 0.7854785323143005,
      "val_precision": 0.632478654384613,
      "val_recall": 0.7708333134651184,
      "val_f1": 0.6948356628417969,
      "val_auroc": 0.8617149591445923,
      "val_cm_tn": 164.0,
      "val_cm_fp": 43.0,
      "val_cm_fn": 22.0,
      "val_cm_tp": 74.0,
      "train_loss": 0.7189297080039978,
      "train_acc": 0.7320099472999573,
      "train_f1": 0.6351351141929626,
      "learning_rate": 0.001
    },
    {
      "epoch": 4.0,
      "global_step": 190.0,
      "lr-AdamW": 0.0010000000474974513,
      "lr-AdamW-momentum": 0.8999999761581421,
      "val_loss": 0.6440653800964355,
      "val_acc": 0.7524752616882324,
      "val_precision": 0.5734265446662903,
      "val_recall": 0.8541666865348816,
      "val_f1": 0.6861924529075623,
      "val_auroc": 0.8607588410377502,
      "val_cm_tn": 146.0,
      "val_cm_fp": 61.0,
      "val_cm_fn": 14.0,
      "val_cm_tp": 82.0,
      "train_loss": 0.6767756342887878,
      "train_acc": 0.7617865800857544,
      "train_f1": 0.6749435663223267,
      "learning_rate": 0.001
    },
    {
      "epoch": 5.0,
      "global_step": 228.0,
      "lr-AdamW": 0.0010000000474974513,
      "lr-AdamW-momentum": 0.8999999761581421,
      "val_loss": 0.6353005170822144,
      "val_acc": 0.7656765580177307,
      "val_precision": 0.5899280309677124,
      "val_recall": 0.8541666865348816,
      "val_f1": 0.6978723406791687,
      "val_auroc": 0.8615891337394714,
      "val_cm_tn": 150.0,
      "val_cm_fp": 57.0,
      "val_cm_fn": 14.0,
      "val_cm_tp": 82.0,
      "train_loss": 0.6321237087249756,
      "train_acc": 0.7708850502967834,
      "train_f1": 0.6985853910446167,
      "learning_rate": 0.001
    },
    {
      "epoch": 6.0,
      "global_step": 266.0,
      "lr-AdamW": 0.0010000000474974513,
      "lr-AdamW-momentum": 0.8999999761581421,
      "val_loss": 0.6380131244659424,
      "val_acc": 0.7920792102813721,
      "val_precision": 0.6410256624221802,
      "val_recall": 0.78125,
      "val_f1": 0.7042253613471985,
      "val_auroc": 0.8655897378921509,
      "val_cm_tn": 165.0,
      "val_cm_fp": 42.0,
      "val_cm_fn": 21.0,
      "val_cm_tp": 75.0,
      "train_loss": 0.6740057468414307,
      "train_acc": 0.7485525012016296,
      "train_f1": 0.6717062592506409,
      "learning_rate": 0.001
    },
    {
      "epoch": 7.0,
      "global_step": 304.0,
      "lr-AdamW": 0.0005000000237487257,
      "lr-AdamW-momentum": 0.8999999761581421,
      "val_loss": 0.6457834839820862,
      "val_acc": 0.7953795194625854,
      "val_precision": 0.6440678238868713,
      "val_recall": 0.7916666865348816,
      "val_f1": 0.7102803587913513,
      "val_auroc": 0.8651620149612427,
      "val_cm_tn": 165.0,
      "val_cm_fp": 42.0,
      "val_cm_fn": 20.0,
      "val_cm_tp": 76.0,
      "train_loss": 0.6549386978149414,
      "train_acc": 0.7617865800857544,
      "train_f1": 0.6842105388641357,
      "learning_rate": 0.0005
    }
  ],
  "training_duration_seconds": 271.69774436950684,
  "best_epoch": 3,
  "best_model_path": "C:\\Users\\User\\Projects\\FYP2\\analysis_output_research\\experiments\\centralized\\run_8\\checkpoints\\pneumonia_model_02_0.854.ckpt",
  "config_snapshot": {
    "epochs": 10,
    "batch_size": 32,
    "learning_rate": 0.001,
    "seed": 1612272681
  },
  "timestamp": "2025-12-23T00:04:05.081183"
}