{
  "run_id": 10,
  "training_mode": "centralized",
  "seed": 1083481624,
  "final_metrics": {
    "accuracy": 0.7821782231330872,
    "precision": 0.6102941036224365,
    "recall": 0.8645833134651184,
    "f1": 0.7155172228813171,
    "auroc": 0.8771135210990906,
    "loss": 0.5816336870193481
  },
  "metrics_history": [
    {
      "epoch": 0.0,
      "global_step": 38.0,
      "lr-AdamW": 0.0010000000474974513,
      "lr-AdamW-momentum": 0.8999999761581421,
      "val_loss": 0.813467800617218,
      "val_acc": 0.7458745837211609,
      "val_precision": 0.6727272868156433,
      "val_recall": 0.3854166567325592,
      "val_f1": 0.4900662302970886,
      "val_auroc": 0.8202998638153076,
      "learning_rate": 0.001,
      "val_cm_tn": 189.0,
      "val_cm_fp": 18.0,
      "val_cm_fn": 59.0,
      "val_cm_tp": 37.0,
      "train_loss": 0.8663854002952576,
      "train_acc": 0.6592224836349487,
      "train_f1": 0.5275229215621948
    },
    {
      "epoch": 1.0,
      "global_step": 76.0,
      "lr-AdamW": 0.0010000000474974513,
      "lr-AdamW-momentum": 0.8999999761581421,
      "val_loss": 0.6849555969238281,
      "val_acc": 0.7755775451660156,
      "val_precision": 0.625,
      "val_recall": 0.7291666865348816,
      "val_f1": 0.6730769276618958,
      "val_auroc": 0.8499395847320557,
      "val_cm_tn": 165.0,
      "val_cm_fp": 42.0,
      "val_cm_fn": 26.0,
      "val_cm_tp": 70.0,
      "train_loss": 0.7714017629623413,
      "train_acc": 0.7204301357269287,
      "train_f1": 0.6176470518112183,
      "learning_rate": 0.001
    },
    {
      "epoch": 2.0,
      "global_step": 114.0,
      "lr-AdamW": 0.0010000000474974513,
      "lr-AdamW-momentum": 0.8999999761581421,
      "val_loss": 0.6904461979866028,
      "val_acc": 0.8151814937591553,
      "val_precision": 0.7272727489471436,
      "val_recall": 0.6666666865348816,
      "val_f1": 0.695652186870575,
      "val_auroc": 0.8688355684280396,
      "val_cm_tn": 183.0,
      "val_cm_fp": 24.0,
      "val_cm_fn": 32.0,
      "val_cm_tp": 64.0,
      "train_loss": 0.7488300204277039,
      "train_acc": 0.7262200117111206,
      "train_f1": 0.6497354507446289,
      "learning_rate": 0.001
    },
    {
      "epoch": 3.0,
      "global_step": 152.0,
      "lr-AdamW": 0.0010000000474974513,
      "lr-AdamW-momentum": 0.8999999761581421,
      "val_loss": 0.6078022718429565,
      "val_acc": 0.7887789011001587,
      "val_precision": 0.6333333253860474,
      "val_recall": 0.7916666865348816,
      "val_f1": 0.7037037014961243,
      "val_auroc": 0.8718296885490417,
      "val_cm_tn": 163.0,
      "val_cm_fp": 44.0,
      "val_cm_fn": 20.0,
      "val_cm_tp": 76.0,
      "train_loss": 0.6818209290504456,
      "train_acc": 0.751861035823822,
      "train_f1": 0.6703296899795532,
      "learning_rate": 0.001
    },
    {
      "epoch": 4.0,
      "global_step": 190.0,
      "lr-AdamW": 0.0010000000474974513,
      "lr-AdamW-momentum": 0.8999999761581421,
      "val_loss": 0.6092211604118347,
      "val_acc": 0.7590758800506592,
      "val_precision": 0.5771812200546265,
      "val_recall": 0.8958333134651184,
      "val_f1": 0.7020407915115356,
      "val_auroc": 0.8724335432052612,
      "val_cm_tn": 144.0,
      "val_cm_fp": 63.0,
      "val_cm_fn": 10.0,
      "val_cm_tp": 86.0,
      "train_loss": 0.6704914569854736,
      "train_acc": 0.7659222483634949,
      "train_f1": 0.6830906867980957,
      "learning_rate": 0.001
    },
    {
      "epoch": 5.0,
      "global_step": 228.0,
      "lr-AdamW": 0.0010000000474974513,
      "lr-AdamW-momentum": 0.8999999761581421,
      "val_loss": 0.5994004607200623,
      "val_acc": 0.7887789011001587,
      "val_precision": 0.6230769157409668,
      "val_recall": 0.84375,
      "val_f1": 0.7168141603469849,
      "val_auroc": 0.8677033185958862,
      "val_cm_tn": 158.0,
      "val_cm_fp": 49.0,
      "val_cm_fn": 15.0,
      "val_cm_tp": 81.0,
      "train_loss": 0.6501273512840271,
      "train_acc": 0.7692307829856873,
      "train_f1": 0.6923925280570984,
      "learning_rate": 0.001
    },
    {
      "epoch": 6.0,
      "global_step": 266.0,
      "lr-AdamW": 0.0010000000474974513,
      "lr-AdamW-momentum": 0.8999999761581421,
      "val_loss": 0.6181139349937439,
      "val_acc": 0.7953795194625854,
      "val_precision": 0.6545454263687134,
      "val_recall": 0.75,
      "val_f1": 0.6990291476249695,
      "val_auroc": 0.8683323264122009,
      "val_cm_tn": 169.0,
      "val_cm_fp": 38.0,
      "val_cm_fn": 24.0,
      "val_cm_tp": 72.0,
      "train_loss": 0.6784221529960632,
      "train_acc": 0.7684036493301392,
      "train_f1": 0.691629946231842,
      "learning_rate": 0.001
    },
    {
      "epoch": 7.0,
      "global_step": 304.0,
      "lr-AdamW": 0.0010000000474974513,
      "lr-AdamW-momentum": 0.8999999761581421,
      "val_loss": 0.6073686480522156,
      "val_acc": 0.8052805066108704,
      "val_precision": 0.6637167930603027,
      "val_recall": 0.78125,
      "val_f1": 0.7177033424377441,
      "val_auroc": 0.868483304977417,
      "val_cm_tn": 169.0,
      "val_cm_fp": 38.0,
      "val_cm_fn": 21.0,
      "val_cm_tp": 75.0,
      "train_loss": 0.6394064426422119,
      "train_acc": 0.7758477926254272,
      "train_f1": 0.6951631307601929,
      "learning_rate": 0.001
    },
    {
      "epoch": 8.0,
      "global_step": 342.0,
      "lr-AdamW": 0.0010000000474974513,
      "lr-AdamW-momentum": 0.8999999761581421,
      "val_loss": 0.6133819222450256,
      "val_acc": 0.8151814937591553,
      "val_precision": 0.692307710647583,
      "val_recall": 0.75,
      "val_f1": 0.7200000286102295,
      "val_auroc": 0.875956118106842,
      "val_cm_tn": 175.0,
      "val_cm_fp": 32.0,
      "val_cm_fn": 24.0,
      "val_cm_tp": 72.0,
      "train_loss": 0.6525560021400452,
      "train_acc": 0.7568238377571106,
      "train_f1": 0.6754966974258423,
      "learning_rate": 0.001
    },
    {
      "epoch": 9.0,
      "global_step": 380.0,
      "lr-AdamW": 0.0005000000237487257,
      "lr-AdamW-momentum": 0.8999999761581421,
      "val_loss": 0.5816336870193481,
      "val_acc": 0.7821782231330872,
      "val_precision": 0.6102941036224365,
      "val_recall": 0.8645833134651184,
      "val_f1": 0.7155172228813171,
      "val_auroc": 0.8771135210990906,
      "val_cm_tn": 154.0,
      "val_cm_fp": 53.0,
      "val_cm_fn": 13.0,
      "val_cm_tp": 83.0,
      "train_loss": 0.6383346319198608,
      "train_acc": 0.7576509714126587,
      "train_f1": 0.674805760383606,
      "learning_rate": 0.0005
    }
  ],
  "training_duration_seconds": 326.60660457611084,
  "best_epoch": 5,
  "best_model_path": "C:\\Users\\User\\Projects\\FYP2\\analysis_output_research\\experiments\\centralized\\run_10\\checkpoints\\pneumonia_model_04_0.896.ckpt",
  "config_snapshot": {
    "epochs": 10,
    "batch_size": 32,
    "learning_rate": 0.001,
    "seed": 1083481624
  },
  "timestamp": "2025-12-23T00:14:59.231402"
}