{
  "run_id": 3,
  "training_mode": "centralized",
  "seed": 1117986739,
  "final_metrics": {
    "accuracy": 0.7557755708694458,
    "precision": 0.5797101259231567,
    "recall": 0.8333333134651184,
    "f1": 0.6837607026100159,
    "auroc": 0.8522544503211975,
    "loss": 0.6585256457328796
  },
  "metrics_history": [
    {
      "epoch": 0.0,
      "global_step": 38.0,
      "lr-AdamW": 0.0010000000474974513,
      "lr-AdamW-momentum": 0.8999999761581421,
      "val_loss": 0.9545180201530457,
      "val_acc": 0.7161716222763062,
      "val_precision": 0.7777777910232544,
      "val_recall": 0.1458333283662796,
      "val_f1": 0.24561403691768646,
      "val_auroc": 0.7963466048240662,
      "learning_rate": 0.001,
      "val_cm_tn": 203.0,
      "val_cm_fp": 4.0,
      "val_cm_fn": 82.0,
      "val_cm_tp": 14.0,
      "train_loss": 0.838186502456665,
      "train_acc": 0.6129032373428345,
      "train_f1": 0.5674676299095154
    },
    {
      "epoch": 1.0,
      "global_step": 76.0,
      "lr-AdamW": 0.0010000000474974513,
      "lr-AdamW-momentum": 0.8999999761581421,
      "val_loss": 0.6948210597038269,
      "val_acc": 0.7524752616882324,
      "val_precision": 0.5813953280448914,
      "val_recall": 0.78125,
      "val_f1": 0.6666666865348816,
      "val_auroc": 0.8359249234199524,
      "val_cm_tn": 153.0,
      "val_cm_fp": 54.0,
      "val_cm_fn": 21.0,
      "val_cm_tp": 75.0,
      "train_loss": 0.7638024091720581,
      "train_acc": 0.7196030020713806,
      "train_f1": 0.6080924868583679,
      "learning_rate": 0.001
    },
    {
      "epoch": 2.0,
      "global_step": 114.0,
      "lr-AdamW": 0.0010000000474974513,
      "lr-AdamW-momentum": 0.8999999761581421,
      "val_loss": 0.6815508604049683,
      "val_acc": 0.7722772359848022,
      "val_precision": 0.6062992215156555,
      "val_recall": 0.8020833134651184,
      "val_f1": 0.6905829310417175,
      "val_auroc": 0.837233304977417,
      "val_cm_tn": 157.0,
      "val_cm_fp": 50.0,
      "val_cm_fn": 19.0,
      "val_cm_tp": 77.0,
      "train_loss": 0.7251721620559692,
      "train_acc": 0.7485525012016296,
      "train_f1": 0.6537585258483887,
      "learning_rate": 0.001
    },
    {
      "epoch": 3.0,
      "global_step": 152.0,
      "lr-AdamW": 0.0010000000474974513,
      "lr-AdamW-momentum": 0.8999999761581421,
      "val_loss": 0.6719966530799866,
      "val_acc": 0.7788779139518738,
      "val_precision": 0.6106870174407959,
      "val_recall": 0.8333333134651184,
      "val_f1": 0.7048457860946655,
      "val_auroc": 0.8397241830825806,
      "val_cm_tn": 156.0,
      "val_cm_fp": 51.0,
      "val_cm_fn": 16.0,
      "val_cm_tp": 80.0,
      "train_loss": 0.7179969549179077,
      "train_acc": 0.7584781050682068,
      "train_f1": 0.6674259901046753,
      "learning_rate": 0.001
    },
    {
      "epoch": 4.0,
      "global_step": 190.0,
      "lr-AdamW": 0.0010000000474974513,
      "lr-AdamW-momentum": 0.8999999761581421,
      "val_loss": 0.747592568397522,
      "val_acc": 0.8085808753967285,
      "val_precision": 0.7209302186965942,
      "val_recall": 0.6458333134651184,
      "val_f1": 0.6813187003135681,
      "val_auroc": 0.839397132396698,
      "val_cm_tn": 183.0,
      "val_cm_fp": 24.0,
      "val_cm_fn": 34.0,
      "val_cm_tp": 62.0,
      "train_loss": 0.6703423857688904,
      "train_acc": 0.7700579166412354,
      "train_f1": 0.6890380382537842,
      "learning_rate": 0.001
    },
    {
      "epoch": 5.0,
      "global_step": 228.0,
      "lr-AdamW": 0.0010000000474974513,
      "lr-AdamW-momentum": 0.8999999761581421,
      "val_loss": 0.816361665725708,
      "val_acc": 0.7986798882484436,
      "val_precision": 0.7108433842658997,
      "val_recall": 0.6145833134651184,
      "val_f1": 0.659217894077301,
      "val_auroc": 0.8420893549919128,
      "val_cm_tn": 183.0,
      "val_cm_fp": 24.0,
      "val_cm_fn": 37.0,
      "val_cm_tp": 59.0,
      "train_loss": 0.6758447885513306,
      "train_acc": 0.7477253675460815,
      "train_f1": 0.6688382029533386,
      "learning_rate": 0.001
    },
    {
      "epoch": 6.0,
      "global_step": 266.0,
      "lr-AdamW": 0.0010000000474974513,
      "lr-AdamW-momentum": 0.8999999761581421,
      "val_loss": 0.7124300003051758,
      "val_acc": 0.7920792102813721,
      "val_precision": 0.6571428775787354,
      "val_recall": 0.71875,
      "val_f1": 0.6865671873092651,
      "val_auroc": 0.8458635807037354,
      "val_cm_tn": 171.0,
      "val_cm_fp": 36.0,
      "val_cm_fn": 27.0,
      "val_cm_tp": 69.0,
      "train_loss": 0.6732625365257263,
      "train_acc": 0.7642679810523987,
      "train_f1": 0.6912242770195007,
      "learning_rate": 0.001
    },
    {
      "epoch": 7.0,
      "global_step": 304.0,
      "lr-AdamW": 0.0010000000474974513,
      "lr-AdamW-momentum": 0.8999999761581421,
      "val_loss": 0.6707520484924316,
      "val_acc": 0.7557755708694458,
      "val_precision": 0.5797101259231567,
      "val_recall": 0.8333333134651184,
      "val_f1": 0.6837607026100159,
      "val_auroc": 0.8490841388702393,
      "val_cm_tn": 149.0,
      "val_cm_fp": 58.0,
      "val_cm_fn": 16.0,
      "val_cm_tp": 80.0,
      "train_loss": 0.6418452262878418,
      "train_acc": 0.7717121839523315,
      "train_f1": 0.6933333277702332,
      "learning_rate": 0.001
    },
    {
      "epoch": 8.0,
      "global_step": 342.0,
      "lr-AdamW": 0.0005000000237487257,
      "lr-AdamW-momentum": 0.8999999761581421,
      "val_loss": 0.6585256457328796,
      "val_acc": 0.7557755708694458,
      "val_precision": 0.5797101259231567,
      "val_recall": 0.8333333134651184,
      "val_f1": 0.6837607026100159,
      "val_auroc": 0.8522544503211975,
      "val_cm_tn": 149.0,
      "val_cm_fp": 58.0,
      "val_cm_fn": 16.0,
      "val_cm_tp": 80.0,
      "train_loss": 0.6470300555229187,
      "train_acc": 0.7642679810523987,
      "train_f1": 0.6912242770195007,
      "learning_rate": 0.0005
    }
  ],
  "training_duration_seconds": 299.5740575790405,
  "best_epoch": 4,
  "best_model_path": "C:\\Users\\User\\Projects\\FYP2\\analysis_output_research\\experiments\\centralized\\run_3\\checkpoints\\pneumonia_model_03_0.833.ckpt",
  "config_snapshot": {
    "epochs": 10,
    "batch_size": 32,
    "learning_rate": 0.001,
    "seed": 1117986739
  },
  "timestamp": "2025-12-22T23:39:16.835018"
}