{
  "run_id": 2,
  "training_mode": "centralized",
  "seed": 1497550866,
  "final_metrics": {
    "accuracy": 0.7722772359848022,
    "precision": 0.6015037298202515,
    "recall": 0.8333333134651184,
    "f1": 0.6986899375915527,
    "auroc": 0.8390448689460754,
    "loss": 0.6553310751914978
  },
  "metrics_history": [
    {
      "epoch": 0.0,
      "global_step": 38.0,
      "lr-AdamW": 0.0010000000474974513,
      "lr-AdamW-momentum": 0.8999999761581421,
      "val_loss": 0.822454035282135,
      "val_acc": 0.7293729186058044,
      "val_precision": 0.5945945978164673,
      "val_recall": 0.4583333432674408,
      "val_f1": 0.5176470875740051,
      "val_auroc": 0.7785577178001404,
      "learning_rate": 0.001,
      "val_cm_tn": 177.0,
      "val_cm_fp": 30.0,
      "val_cm_fn": 52.0,
      "val_cm_tp": 44.0,
      "train_loss": 0.8685539960861206,
      "train_acc": 0.6468155384063721,
      "train_f1": 0.5239687561988831
    },
    {
      "epoch": 1.0,
      "global_step": 76.0,
      "lr-AdamW": 0.0010000000474974513,
      "lr-AdamW-momentum": 0.8999999761581421,
      "val_loss": 0.722690761089325,
      "val_acc": 0.7425742745399475,
      "val_precision": 0.5652173757553101,
      "val_recall": 0.8125,
      "val_f1": 0.6666666865348816,
      "val_auroc": 0.8090026378631592,
      "val_cm_tn": 147.0,
      "val_cm_fp": 60.0,
      "val_cm_fn": 18.0,
      "val_cm_tp": 78.0,
      "train_loss": 0.7656806707382202,
      "train_acc": 0.7171216011047363,
      "train_f1": 0.6241758465766907,
      "learning_rate": 0.001
    },
    {
      "epoch": 2.0,
      "global_step": 114.0,
      "lr-AdamW": 0.0010000000474974513,
      "lr-AdamW-momentum": 0.8999999761581421,
      "val_loss": 0.6880264282226562,
      "val_acc": 0.7689769268035889,
      "val_precision": 0.6065573692321777,
      "val_recall": 0.7708333134651184,
      "val_f1": 0.6788991093635559,
      "val_auroc": 0.8349184989929199,
      "val_cm_tn": 159.0,
      "val_cm_fp": 48.0,
      "val_cm_fn": 22.0,
      "val_cm_tp": 74.0,
      "train_loss": 0.7129771113395691,
      "train_acc": 0.7485525012016296,
      "train_f1": 0.6688452959060669,
      "learning_rate": 0.001
    },
    {
      "epoch": 3.0,
      "global_step": 152.0,
      "lr-AdamW": 0.0010000000474974513,
      "lr-AdamW-momentum": 0.8999999761581421,
      "val_loss": 0.6669603586196899,
      "val_acc": 0.7392739057540894,
      "val_precision": 0.5555555820465088,
      "val_recall": 0.8854166865348816,
      "val_f1": 0.6827309131622314,
      "val_auroc": 0.8355474472045898,
      "val_cm_tn": 139.0,
      "val_cm_fp": 68.0,
      "val_cm_fn": 11.0,
      "val_cm_tp": 85.0,
      "train_loss": 0.6929798722267151,
      "train_acc": 0.7493796348571777,
      "train_f1": 0.6576271057128906,
      "learning_rate": 0.001
    },
    {
      "epoch": 4.0,
      "global_step": 190.0,
      "lr-AdamW": 0.0010000000474974513,
      "lr-AdamW-momentum": 0.8999999761581421,
      "val_loss": 0.6886835694313049,
      "val_acc": 0.7194719314575195,
      "val_precision": 0.5345911979675293,
      "val_recall": 0.8854166865348816,
      "val_f1": 0.6666666865348816,
      "val_auroc": 0.8340882062911987,
      "val_cm_tn": 133.0,
      "val_cm_fp": 74.0,
      "val_cm_fn": 11.0,
      "val_cm_tp": 85.0,
      "train_loss": 0.6882736086845398,
      "train_acc": 0.7551695704460144,
      "train_f1": 0.6754385828971863,
      "learning_rate": 0.001
    },
    {
      "epoch": 5.0,
      "global_step": 228.0,
      "lr-AdamW": 0.0010000000474974513,
      "lr-AdamW-momentum": 0.8999999761581421,
      "val_loss": 0.6608759164810181,
      "val_acc": 0.7788779139518738,
      "val_precision": 0.6058394312858582,
      "val_recall": 0.8645833134651184,
      "val_f1": 0.7124463319778442,
      "val_auroc": 0.8338114023208618,
      "val_cm_tn": 153.0,
      "val_cm_fp": 54.0,
      "val_cm_fn": 13.0,
      "val_cm_tp": 83.0,
      "train_loss": 0.6758411526679993,
      "train_acc": 0.7601323127746582,
      "train_f1": 0.6763392686843872,
      "learning_rate": 0.001
    },
    {
      "epoch": 6.0,
      "global_step": 266.0,
      "lr-AdamW": 0.0010000000474974513,
      "lr-AdamW-momentum": 0.8999999761581421,
      "val_loss": 0.6779980659484863,
      "val_acc": 0.7590758800506592,
      "val_precision": 0.5815602540969849,
      "val_recall": 0.8541666865348816,
      "val_f1": 0.6919831037521362,
      "val_auroc": 0.8294082283973694,
      "val_cm_tn": 148.0,
      "val_cm_fp": 59.0,
      "val_cm_fn": 14.0,
      "val_cm_tp": 82.0,
      "train_loss": 0.6524031162261963,
      "train_acc": 0.7675765156745911,
      "train_f1": 0.6901874542236328,
      "learning_rate": 0.001
    },
    {
      "epoch": 7.0,
      "global_step": 304.0,
      "lr-AdamW": 0.0010000000474974513,
      "lr-AdamW-momentum": 0.8999999761581421,
      "val_loss": 0.6518449187278748,
      "val_acc": 0.7524752616882324,
      "val_precision": 0.5724138021469116,
      "val_recall": 0.8645833134651184,
      "val_f1": 0.6887966990470886,
      "val_auroc": 0.8375101089477539,
      "val_cm_tn": 145.0,
      "val_cm_fp": 62.0,
      "val_cm_fn": 13.0,
      "val_cm_tp": 83.0,
      "train_loss": 0.664314866065979,
      "train_acc": 0.7684036493301392,
      "train_f1": 0.692307710647583,
      "learning_rate": 0.001
    },
    {
      "epoch": 8.0,
      "global_step": 342.0,
      "lr-AdamW": 0.0005000000237487257,
      "lr-AdamW-momentum": 0.8999999761581421,
      "val_loss": 0.66157466173172,
      "val_acc": 0.7425742745399475,
      "val_precision": 0.557692289352417,
      "val_recall": 0.90625,
      "val_f1": 0.6904761791229248,
      "val_auroc": 0.836251974105835,
      "val_cm_tn": 138.0,
      "val_cm_fp": 69.0,
      "val_cm_fn": 9.0,
      "val_cm_tp": 87.0,
      "train_loss": 0.6306754946708679,
      "train_acc": 0.7659222483634949,
      "train_f1": 0.6886688470840454,
      "learning_rate": 0.0005
    },
    {
      "epoch": 9.0,
      "global_step": 380.0,
      "lr-AdamW": 0.0005000000237487257,
      "lr-AdamW-momentum": 0.8999999761581421,
      "val_loss": 0.6553310751914978,
      "val_acc": 0.7722772359848022,
      "val_precision": 0.6015037298202515,
      "val_recall": 0.8333333134651184,
      "val_f1": 0.6986899375915527,
      "val_auroc": 0.8390448689460754,
      "val_cm_tn": 154.0,
      "val_cm_fp": 53.0,
      "val_cm_fn": 16.0,
      "val_cm_tp": 80.0,
      "train_loss": 0.6200271844863892,
      "train_acc": 0.7708850502967834,
      "train_f1": 0.6985853910446167,
      "learning_rate": 0.0005
    }
  ],
  "training_duration_seconds": 339.0597062110901,
  "best_epoch": 9,
  "best_model_path": "C:\\Users\\User\\Projects\\FYP2\\analysis_output_research\\experiments\\centralized\\run_2\\checkpoints\\pneumonia_model_08_0.906.ckpt",
  "config_snapshot": {
    "epochs": 10,
    "batch_size": 32,
    "learning_rate": 0.001,
    "seed": 1497550866
  },
  "timestamp": "2025-12-22T23:34:17.253902"
}