{
  "run_id": 4,
  "training_mode": "centralized",
  "seed": 65713368,
  "final_metrics": {
    "accuracy": 0.801980197429657,
    "precision": 0.6578947305679321,
    "recall": 0.78125,
    "f1": 0.7142857313156128,
    "auroc": 0.8595763444900513,
    "loss": 0.6502693891525269
  },
  "metrics_history": [
    {
      "epoch": 0.0,
      "global_step": 38.0,
      "lr-AdamW": 0.0010000000474974513,
      "lr-AdamW-momentum": 0.8999999761581421,
      "val_loss": 0.802736222743988,
      "val_acc": 0.7590758800506592,
      "val_precision": 0.6575342416763306,
      "val_recall": 0.5,
      "val_f1": 0.5680473446846008,
      "val_auroc": 0.8231682777404785,
      "learning_rate": 0.001,
      "val_cm_tn": 182.0,
      "val_cm_fp": 25.0,
      "val_cm_fn": 48.0,
      "val_cm_tp": 48.0,
      "train_loss": 0.8776679635047913,
      "train_acc": 0.6277915835380554,
      "train_f1": 0.5233050584793091
    },
    {
      "epoch": 1.0,
      "global_step": 76.0,
      "lr-AdamW": 0.0010000000474974513,
      "lr-AdamW-momentum": 0.8999999761581421,
      "val_loss": 0.6926923990249634,
      "val_acc": 0.7590758800506592,
      "val_precision": 0.5966386795043945,
      "val_recall": 0.7395833134651184,
      "val_f1": 0.6604651212692261,
      "val_auroc": 0.8316223621368408,
      "val_cm_tn": 159.0,
      "val_cm_fp": 48.0,
      "val_cm_fn": 25.0,
      "val_cm_tp": 71.0,
      "train_loss": 0.7417056560516357,
      "train_acc": 0.7526881694793701,
      "train_f1": 0.660612940788269,
      "learning_rate": 0.001
    },
    {
      "epoch": 2.0,
      "global_step": 114.0,
      "lr-AdamW": 0.0010000000474974513,
      "lr-AdamW-momentum": 0.8999999761581421,
      "val_loss": 0.6595198512077332,
      "val_acc": 0.7788779139518738,
      "val_precision": 0.6159999966621399,
      "val_recall": 0.8020833134651184,
      "val_f1": 0.6968325972557068,
      "val_auroc": 0.8465932011604309,
      "val_cm_tn": 159.0,
      "val_cm_fp": 48.0,
      "val_cm_fn": 19.0,
      "val_cm_tp": 77.0,
      "train_loss": 0.7047742605209351,
      "train_acc": 0.7344912886619568,
      "train_f1": 0.6544671654701233,
      "learning_rate": 0.001
    },
    {
      "epoch": 3.0,
      "global_step": 152.0,
      "lr-AdamW": 0.0010000000474974513,
      "lr-AdamW-momentum": 0.8999999761581421,
      "val_loss": 0.6519201993942261,
      "val_acc": 0.7920792102813721,
      "val_precision": 0.6460176706314087,
      "val_recall": 0.7604166865348816,
      "val_f1": 0.6985645890235901,
      "val_auroc": 0.8496627807617188,
      "val_cm_tn": 167.0,
      "val_cm_fp": 40.0,
      "val_cm_fn": 23.0,
      "val_cm_tp": 73.0,
      "train_loss": 0.6979833245277405,
      "train_acc": 0.7626137137413025,
      "train_f1": 0.6793296337127686,
      "learning_rate": 0.001
    },
    {
      "epoch": 4.0,
      "global_step": 190.0,
      "lr-AdamW": 0.0010000000474974513,
      "lr-AdamW-momentum": 0.8999999761581421,
      "val_loss": 0.6810664534568787,
      "val_acc": 0.6930692791938782,
      "val_precision": 0.508571445941925,
      "val_recall": 0.9270833134651184,
      "val_f1": 0.6568265557289124,
      "val_auroc": 0.8546699285507202,
      "val_cm_tn": 121.0,
      "val_cm_fp": 86.0,
      "val_cm_fn": 7.0,
      "val_cm_tp": 89.0,
      "train_loss": 0.6739355325698853,
      "train_acc": 0.7427626252174377,
      "train_f1": 0.6708994507789612,
      "learning_rate": 0.001
    },
    {
      "epoch": 5.0,
      "global_step": 228.0,
      "lr-AdamW": 0.0010000000474974513,
      "lr-AdamW-momentum": 0.8999999761581421,
      "val_loss": 0.6651124358177185,
      "val_acc": 0.8118811845779419,
      "val_precision": 0.6893203854560852,
      "val_recall": 0.7395833134651184,
      "val_f1": 0.713567852973938,
      "val_auroc": 0.8567330837249756,
      "val_cm_tn": 175.0,
      "val_cm_fp": 32.0,
      "val_cm_fn": 25.0,
      "val_cm_tp": 71.0,
      "train_loss": 0.7068982720375061,
      "train_acc": 0.7369726896286011,
      "train_f1": 0.6550976037979126,
      "learning_rate": 0.001
    },
    {
      "epoch": 6.0,
      "global_step": 266.0,
      "lr-AdamW": 0.0010000000474974513,
      "lr-AdamW-momentum": 0.8999999761581421,
      "val_loss": 0.6363692879676819,
      "val_acc": 0.7689769268035889,
      "val_precision": 0.5984848737716675,
      "val_recall": 0.8229166865348816,
      "val_f1": 0.6929824352264404,
      "val_auroc": 0.8565317988395691,
      "val_cm_tn": 154.0,
      "val_cm_fp": 53.0,
      "val_cm_fn": 17.0,
      "val_cm_tp": 79.0,
      "train_loss": 0.6556395888328552,
      "train_acc": 0.7568238377571106,
      "train_f1": 0.6811279654502869,
      "learning_rate": 0.001
    },
    {
      "epoch": 7.0,
      "global_step": 304.0,
      "lr-AdamW": 0.0010000000474974513,
      "lr-AdamW-momentum": 0.8999999761581421,
      "val_loss": 0.6465626955032349,
      "val_acc": 0.7920792102813721,
      "val_precision": 0.6386554837226868,
      "val_recall": 0.7916666865348816,
      "val_f1": 0.7069767713546753,
      "val_auroc": 0.855575680732727,
      "val_cm_tn": 164.0,
      "val_cm_fp": 43.0,
      "val_cm_fn": 20.0,
      "val_cm_tp": 76.0,
      "train_loss": 0.6363415122032166,
      "train_acc": 0.7659222483634949,
      "train_f1": 0.6920565962791443,
      "learning_rate": 0.001
    },
    {
      "epoch": 8.0,
      "global_step": 342.0,
      "lr-AdamW": 0.0010000000474974513,
      "lr-AdamW-momentum": 0.8999999761581421,
      "val_loss": 0.642629086971283,
      "val_acc": 0.7854785323143005,
      "val_precision": 0.6302521228790283,
      "val_recall": 0.78125,
      "val_f1": 0.6976743936538696,
      "val_auroc": 0.8605072498321533,
      "val_cm_tn": 163.0,
      "val_cm_fp": 44.0,
      "val_cm_fn": 21.0,
      "val_cm_tp": 75.0,
      "train_loss": 0.6915196180343628,
      "train_acc": 0.7576509714126587,
      "train_f1": 0.6776677370071411,
      "learning_rate": 0.001
    },
    {
      "epoch": 9.0,
      "global_step": 380.0,
      "lr-AdamW": 0.0005000000237487257,
      "lr-AdamW-momentum": 0.8999999761581421,
      "val_loss": 0.6502693891525269,
      "val_acc": 0.801980197429657,
      "val_precision": 0.6578947305679321,
      "val_recall": 0.78125,
      "val_f1": 0.7142857313156128,
      "val_auroc": 0.8595763444900513,
      "val_cm_tn": 168.0,
      "val_cm_fp": 39.0,
      "val_cm_fn": 21.0,
      "val_cm_tp": 75.0,
      "train_loss": 0.6444494724273682,
      "train_acc": 0.7543424367904663,
      "train_f1": 0.6789188981056213,
      "learning_rate": 0.0005
    }
  ],
  "training_duration_seconds": 332.1891973018646,
  "best_epoch": 5,
  "best_model_path": "C:\\Users\\User\\Projects\\FYP2\\analysis_output_research\\experiments\\centralized\\run_4\\checkpoints\\pneumonia_model_04_0.927.ckpt",
  "config_snapshot": {
    "epochs": 10,
    "batch_size": 32,
    "learning_rate": 0.001,
    "seed": 65713368
  },
  "timestamp": "2025-12-22T23:44:49.043027"
}