{
  "run_id": 6,
  "training_mode": "centralized",
  "seed": 1637259325,
  "final_metrics": {
    "accuracy": 0.7392739057540894,
    "precision": 0.5779816508293152,
    "recall": 0.65625,
    "f1": 0.6146341562271118,
    "auroc": 0.8049516677856445,
    "loss": 0.774892270565033
  },
  "metrics_history": [
    {
      "epoch": 0.0,
      "global_step": 38.0,
      "lr-AdamW": 0.0010000000474974513,
      "lr-AdamW-momentum": 0.8999999761581421,
      "val_loss": 0.921976625919342,
      "val_acc": 0.7227723002433777,
      "val_precision": 0.699999988079071,
      "val_recall": 0.21875,
      "val_f1": 0.3333333432674408,
      "val_auroc": 0.7670592069625854,
      "learning_rate": 0.001,
      "val_cm_tn": 198.0,
      "val_cm_fp": 9.0,
      "val_cm_fn": 75.0,
      "val_cm_tp": 21.0,
      "train_loss": 0.860458493232727,
      "train_acc": 0.7055417895317078,
      "train_f1": 0.5435897707939148
    },
    {
      "epoch": 1.0,
      "global_step": 76.0,
      "lr-AdamW": 0.0010000000474974513,
      "lr-AdamW-momentum": 0.8999999761581421,
      "val_loss": 0.7406617999076843,
      "val_acc": 0.7227723002433777,
      "val_precision": 0.5441176295280457,
      "val_recall": 0.7708333134651184,
      "val_f1": 0.6379310488700867,
      "val_auroc": 0.8009510636329651,
      "val_cm_tn": 145.0,
      "val_cm_fp": 62.0,
      "val_cm_fn": 22.0,
      "val_cm_tp": 74.0,
      "train_loss": 0.7470625042915344,
      "train_acc": 0.7336642146110535,
      "train_f1": 0.6307339668273926,
      "learning_rate": 0.001
    },
    {
      "epoch": 2.0,
      "global_step": 114.0,
      "lr-AdamW": 0.0010000000474974513,
      "lr-AdamW-momentum": 0.8999999761581421,
      "val_loss": 0.7422205209732056,
      "val_acc": 0.7293729186058044,
      "val_precision": 0.5564516186714172,
      "val_recall": 0.71875,
      "val_f1": 0.6272727251052856,
      "val_auroc": 0.799064040184021,
      "val_cm_tn": 152.0,
      "val_cm_fp": 55.0,
      "val_cm_fn": 27.0,
      "val_cm_tp": 69.0,
      "train_loss": 0.6818780303001404,
      "train_acc": 0.7559967041015625,
      "train_f1": 0.6651532053947449,
      "learning_rate": 0.001
    },
    {
      "epoch": 3.0,
      "global_step": 152.0,
      "lr-AdamW": 0.0010000000474974513,
      "lr-AdamW-momentum": 0.8999999761581421,
      "val_loss": 0.7667874097824097,
      "val_acc": 0.7326732873916626,
      "val_precision": 0.5630252361297607,
      "val_recall": 0.6979166865348816,
      "val_f1": 0.6232557892799377,
      "val_auroc": 0.7948369979858398,
      "val_cm_tn": 155.0,
      "val_cm_fp": 52.0,
      "val_cm_fn": 29.0,
      "val_cm_tp": 67.0,
      "train_loss": 0.6773435473442078,
      "train_acc": 0.7758477926254272,
      "train_f1": 0.6965285539627075,
      "learning_rate": 0.001
    },
    {
      "epoch": 4.0,
      "global_step": 190.0,
      "lr-AdamW": 0.0010000000474974513,
      "lr-AdamW-momentum": 0.8999999761581421,
      "val_loss": 0.7246689200401306,
      "val_acc": 0.7194719314575195,
      "val_precision": 0.5390070676803589,
      "val_recall": 0.7916666865348816,
      "val_f1": 0.6413502097129822,
      "val_auroc": 0.8022845983505249,
      "val_cm_tn": 142.0,
      "val_cm_fp": 65.0,
      "val_cm_fn": 20.0,
      "val_cm_tp": 76.0,
      "train_loss": 0.674558699131012,
      "train_acc": 0.7593052387237549,
      "train_f1": 0.6791620850563049,
      "learning_rate": 0.001
    },
    {
      "epoch": 5.0,
      "global_step": 228.0,
      "lr-AdamW": 0.0010000000474974513,
      "lr-AdamW-momentum": 0.8999999761581421,
      "val_loss": 0.7391924262046814,
      "val_acc": 0.7326732873916626,
      "val_precision": 0.5590550899505615,
      "val_recall": 0.7395833134651184,
      "val_f1": 0.6367713212966919,
      "val_auroc": 0.8027626872062683,
      "val_cm_tn": 151.0,
      "val_cm_fp": 56.0,
      "val_cm_fn": 25.0,
      "val_cm_tp": 71.0,
      "train_loss": 0.6534409523010254,
      "train_acc": 0.7617865800857544,
      "train_f1": 0.679287314414978,
      "learning_rate": 0.001
    },
    {
      "epoch": 6.0,
      "global_step": 266.0,
      "lr-AdamW": 0.0010000000474974513,
      "lr-AdamW-momentum": 0.8999999761581421,
      "val_loss": 0.7503367066383362,
      "val_acc": 0.7392739057540894,
      "val_precision": 0.5714285969734192,
      "val_recall": 0.7083333134651184,
      "val_f1": 0.6325581669807434,
      "val_auroc": 0.804775595664978,
      "val_cm_tn": 156.0,
      "val_cm_fp": 51.0,
      "val_cm_fn": 28.0,
      "val_cm_tp": 68.0,
      "train_loss": 0.663043200969696,
      "train_acc": 0.7766749262809753,
      "train_f1": 0.6917808055877686,
      "learning_rate": 0.001
    },
    {
      "epoch": 7.0,
      "global_step": 304.0,
      "lr-AdamW": 0.0010000000474974513,
      "lr-AdamW-momentum": 0.8999999761581421,
      "val_loss": 0.7316150069236755,
      "val_acc": 0.7260726094245911,
      "val_precision": 0.5546218752861023,
      "val_recall": 0.6875,
      "val_f1": 0.6139534711837769,
      "val_auroc": 0.8051027059555054,
      "val_cm_tn": 154.0,
      "val_cm_fp": 53.0,
      "val_cm_fn": 30.0,
      "val_cm_tp": 66.0,
      "train_loss": 0.6520940661430359,
      "train_acc": 0.7849462628364563,
      "train_f1": 0.6955503225326538,
      "learning_rate": 0.001
    },
    {
      "epoch": 8.0,
      "global_step": 342.0,
      "lr-AdamW": 0.0010000000474974513,
      "lr-AdamW-momentum": 0.8999999761581421,
      "val_loss": 0.7782886028289795,
      "val_acc": 0.7392739057540894,
      "val_precision": 0.5691056847572327,
      "val_recall": 0.7291666865348816,
      "val_f1": 0.6392694115638733,
      "val_auroc": 0.8062852025032043,
      "val_cm_tn": 154.0,
      "val_cm_fp": 53.0,
      "val_cm_fn": 26.0,
      "val_cm_tp": 70.0,
      "train_loss": 0.6030696630477905,
      "train_acc": 0.7932175397872925,
      "train_f1": 0.7209821343421936,
      "learning_rate": 0.001
    },
    {
      "epoch": 9.0,
      "global_step": 380.0,
      "lr-AdamW": 0.0005000000237487257,
      "lr-AdamW-momentum": 0.8999999761581421,
      "val_loss": 0.774892270565033,
      "val_acc": 0.7392739057540894,
      "val_precision": 0.5779816508293152,
      "val_recall": 0.65625,
      "val_f1": 0.6146341562271118,
      "val_auroc": 0.8049516677856445,
      "val_cm_tn": 161.0,
      "val_cm_fp": 46.0,
      "val_cm_fn": 33.0,
      "val_cm_tp": 63.0,
      "train_loss": 0.6142850518226624,
      "train_acc": 0.7832919955253601,
      "train_f1": 0.7127193212509155,
      "learning_rate": 0.0005
    }
  ],
  "training_duration_seconds": 322.3637127876282,
  "best_epoch": 5,
  "best_model_path": "C:\\Users\\User\\Projects\\FYP2\\analysis_output_research\\experiments\\centralized\\run_6\\checkpoints\\pneumonia_model_04_0.792.ckpt",
  "config_snapshot": {
    "epochs": 10,
    "batch_size": 32,
    "learning_rate": 0.001,
    "seed": 1637259325
  },
  "timestamp": "2025-12-22T23:54:44.398597"
}