{
  "run_id": 5,
  "training_mode": "centralized",
  "seed": 1746111928,
  "final_metrics": {
    "accuracy": 0.7590758800506592,
    "precision": 0.5982906222343445,
    "recall": 0.7291666865348816,
    "f1": 0.65727698802948,
    "auroc": 0.8183624744415283,
    "loss": 0.7455701231956482
  },
  "metrics_history": [
    {
      "epoch": 0.0,
      "global_step": 38.0,
      "lr-AdamW": 0.0010000000474974513,
      "lr-AdamW-momentum": 0.8999999761581421,
      "val_loss": 0.8070395588874817,
      "val_acc": 0.735973596572876,
      "val_precision": 0.6212121248245239,
      "val_recall": 0.4270833432674408,
      "val_f1": 0.5061728358268738,
      "val_auroc": 0.8091284036636353,
      "learning_rate": 0.001,
      "val_cm_tn": 182.0,
      "val_cm_fp": 25.0,
      "val_cm_fn": 55.0,
      "val_cm_tp": 41.0,
      "train_loss": 0.8506817817687988,
      "train_acc": 0.655086874961853,
      "train_f1": 0.5651720762252808
    },
    {
      "epoch": 1.0,
      "global_step": 76.0,
      "lr-AdamW": 0.0010000000474974513,
      "lr-AdamW-momentum": 0.8999999761581421,
      "val_loss": 0.8318458199501038,
      "val_acc": 0.6303630471229553,
      "val_precision": 0.4583333432674408,
      "val_recall": 0.9166666865348816,
      "val_f1": 0.6111111044883728,
      "val_auroc": 0.7931008338928223,
      "val_cm_tn": 103.0,
      "val_cm_fp": 104.0,
      "val_cm_fn": 8.0,
      "val_cm_tp": 88.0,
      "train_loss": 0.7559928297996521,
      "train_acc": 0.7311828136444092,
      "train_f1": 0.6311010122299194,
      "learning_rate": 0.001
    },
    {
      "epoch": 2.0,
      "global_step": 114.0,
      "lr-AdamW": 0.0010000000474974513,
      "lr-AdamW-momentum": 0.8999999761581421,
      "val_loss": 0.7353155016899109,
      "val_acc": 0.6897689700126648,
      "val_precision": 0.5064102411270142,
      "val_recall": 0.8229166865348816,
      "val_f1": 0.6269841194152832,
      "val_auroc": 0.8034168481826782,
      "val_cm_tn": 130.0,
      "val_cm_fp": 77.0,
      "val_cm_fn": 17.0,
      "val_cm_tp": 79.0,
      "train_loss": 0.7507192492485046,
      "train_acc": 0.7386269569396973,
      "train_f1": 0.6542669534683228,
      "learning_rate": 0.001
    },
    {
      "epoch": 3.0,
      "global_step": 152.0,
      "lr-AdamW": 0.0010000000474974513,
      "lr-AdamW-momentum": 0.8999999761581421,
      "val_loss": 0.7368108034133911,
      "val_acc": 0.7326732873916626,
      "val_precision": 0.5590550899505615,
      "val_recall": 0.7395833134651184,
      "val_f1": 0.6367713212966919,
      "val_auroc": 0.8119212985038757,
      "val_cm_tn": 151.0,
      "val_cm_fp": 56.0,
      "val_cm_fn": 25.0,
      "val_cm_tp": 71.0,
      "train_loss": 0.6770647764205933,
      "train_acc": 0.7634408473968506,
      "train_f1": 0.6822222471237183,
      "learning_rate": 0.001
    },
    {
      "epoch": 4.0,
      "global_step": 190.0,
      "lr-AdamW": 0.0010000000474974513,
      "lr-AdamW-momentum": 0.8999999761581421,
      "val_loss": 0.7222961783409119,
      "val_acc": 0.7293729186058044,
      "val_precision": 0.5546875,
      "val_recall": 0.7395833134651184,
      "val_f1": 0.6339285969734192,
      "val_auroc": 0.8134058117866516,
      "val_cm_tn": 150.0,
      "val_cm_fp": 57.0,
      "val_cm_fn": 25.0,
      "val_cm_tp": 71.0,
      "train_loss": 0.6663062572479248,
      "train_acc": 0.7626137137413025,
      "train_f1": 0.6877040266990662,
      "learning_rate": 0.001
    },
    {
      "epoch": 5.0,
      "global_step": 228.0,
      "lr-AdamW": 0.0010000000474974513,
      "lr-AdamW-momentum": 0.8999999761581421,
      "val_loss": 0.7200477719306946,
      "val_acc": 0.7590758800506592,
      "val_precision": 0.5966386795043945,
      "val_recall": 0.7395833134651184,
      "val_f1": 0.6604651212692261,
      "val_auroc": 0.81861412525177,
      "val_cm_tn": 159.0,
      "val_cm_fp": 48.0,
      "val_cm_fn": 25.0,
      "val_cm_tp": 71.0,
      "train_loss": 0.6947508454322815,
      "train_acc": 0.7568238377571106,
      "train_f1": 0.6733333468437195,
      "learning_rate": 0.001
    },
    {
      "epoch": 6.0,
      "global_step": 266.0,
      "lr-AdamW": 0.0005000000237487257,
      "lr-AdamW-momentum": 0.8999999761581421,
      "val_loss": 0.7455701231956482,
      "val_acc": 0.7590758800506592,
      "val_precision": 0.5982906222343445,
      "val_recall": 0.7291666865348816,
      "val_f1": 0.65727698802948,
      "val_auroc": 0.8183624744415283,
      "val_cm_tn": 160.0,
      "val_cm_fp": 47.0,
      "val_cm_fn": 26.0,
      "val_cm_tp": 70.0,
      "train_loss": 0.6444432735443115,
      "train_acc": 0.7791563272476196,
      "train_f1": 0.6941580772399902,
      "learning_rate": 0.0005
    }
  ],
  "training_duration_seconds": 272.9751124382019,
  "best_epoch": 2,
  "best_model_path": "C:\\Users\\User\\Projects\\FYP2\\analysis_output_research\\experiments\\centralized\\run_5\\checkpoints\\pneumonia_model_01_0.917.ckpt",
  "config_snapshot": {
    "epochs": 10,
    "batch_size": 32,
    "learning_rate": 0.001,
    "seed": 1746111928
  },
  "timestamp": "2025-12-22T23:49:22.026713"
}