{
  "run_id": 7,
  "training_mode": "centralized",
  "seed": 1823969109,
  "final_metrics": {
    "accuracy": 0.7524752616882324,
    "precision": 0.5686274766921997,
    "recall": 0.90625,
    "f1": 0.6987951993942261,
    "auroc": 0.8430454730987549,
    "loss": 0.6622874736785889
  },
  "metrics_history": [
    {
      "epoch": 0.0,
      "global_step": 38.0,
      "lr-AdamW": 0.0010000000474974513,
      "lr-AdamW-momentum": 0.8999999761581421,
      "val_loss": 0.8398314118385315,
      "val_acc": 0.6996699571609497,
      "val_precision": 0.5423728823661804,
      "val_recall": 0.3333333432674408,
      "val_f1": 0.41290321946144104,
      "val_auroc": 0.791968584060669,
      "learning_rate": 0.001,
      "val_cm_tn": 180.0,
      "val_cm_fp": 27.0,
      "val_cm_fn": 64.0,
      "val_cm_tp": 32.0,
      "train_loss": 0.8763476014137268,
      "train_acc": 0.6674938201904297,
      "train_f1": 0.5073529481887817
    },
    {
      "epoch": 1.0,
      "global_step": 76.0,
      "lr-AdamW": 0.0010000000474974513,
      "lr-AdamW-momentum": 0.8999999761581421,
      "val_loss": 0.7278350591659546,
      "val_acc": 0.7326732873916626,
      "val_precision": 0.5572519302368164,
      "val_recall": 0.7604166865348816,
      "val_f1": 0.6431717872619629,
      "val_auroc": 0.8056310415267944,
      "val_cm_tn": 149.0,
      "val_cm_fp": 58.0,
      "val_cm_fn": 23.0,
      "val_cm_tp": 73.0,
      "train_loss": 0.7214450240135193,
      "train_acc": 0.751861035823822,
      "train_f1": 0.6606335043907166,
      "learning_rate": 0.001
    },
    {
      "epoch": 2.0,
      "global_step": 114.0,
      "lr-AdamW": 0.0010000000474974513,
      "lr-AdamW-momentum": 0.8999999761581421,
      "val_loss": 0.7024765610694885,
      "val_acc": 0.7128713130950928,
      "val_precision": 0.5283018946647644,
      "val_recall": 0.875,
      "val_f1": 0.658823549747467,
      "val_auroc": 0.8328300714492798,
      "val_cm_tn": 132.0,
      "val_cm_fp": 75.0,
      "val_cm_fn": 12.0,
      "val_cm_tp": 84.0,
      "train_loss": 0.6803500652313232,
      "train_acc": 0.7675765156745911,
      "train_f1": 0.6773822903633118,
      "learning_rate": 0.001
    },
    {
      "epoch": 3.0,
      "global_step": 152.0,
      "lr-AdamW": 0.0010000000474974513,
      "lr-AdamW-momentum": 0.8999999761581421,
      "val_loss": 0.7959863543510437,
      "val_acc": 0.6369637250900269,
      "val_precision": 0.4635416567325592,
      "val_recall": 0.9270833134651184,
      "val_f1": 0.6180555820465088,
      "val_auroc": 0.8279740214347839,
      "val_cm_tn": 104.0,
      "val_cm_fp": 103.0,
      "val_cm_fn": 7.0,
      "val_cm_tp": 89.0,
      "train_loss": 0.6759245991706848,
      "train_acc": 0.7675765156745911,
      "train_f1": 0.678857147693634,
      "learning_rate": 0.001
    },
    {
      "epoch": 4.0,
      "global_step": 190.0,
      "lr-AdamW": 0.0010000000474974513,
      "lr-AdamW-momentum": 0.8999999761581421,
      "val_loss": 0.7475503087043762,
      "val_acc": 0.7557755708694458,
      "val_precision": 0.6195651888847351,
      "val_recall": 0.59375,
      "val_f1": 0.6063829660415649,
      "val_auroc": 0.833710789680481,
      "val_cm_tn": 172.0,
      "val_cm_fp": 35.0,
      "val_cm_fn": 39.0,
      "val_cm_tp": 57.0,
      "train_loss": 0.676701545715332,
      "train_acc": 0.7609594464302063,
      "train_f1": 0.6868906021118164,
      "learning_rate": 0.001
    },
    {
      "epoch": 5.0,
      "global_step": 228.0,
      "lr-AdamW": 0.0010000000474974513,
      "lr-AdamW-momentum": 0.8999999761581421,
      "val_loss": 0.6762356758117676,
      "val_acc": 0.7392739057540894,
      "val_precision": 0.5586206912994385,
      "val_recall": 0.84375,
      "val_f1": 0.6721991896629333,
      "val_auroc": 0.8357487916946411,
      "val_cm_tn": 143.0,
      "val_cm_fp": 64.0,
      "val_cm_fn": 15.0,
      "val_cm_tp": 81.0,
      "train_loss": 0.7026050686836243,
      "train_acc": 0.7593052387237549,
      "train_f1": 0.6755852699279785,
      "learning_rate": 0.001
    },
    {
      "epoch": 6.0,
      "global_step": 266.0,
      "lr-AdamW": 0.0010000000474974513,
      "lr-AdamW-momentum": 0.8999999761581421,
      "val_loss": 0.7641173005104065,
      "val_acc": 0.7524752616882324,
      "val_precision": 0.6105263233184814,
      "val_recall": 0.6041666865348816,
      "val_f1": 0.6073298454284668,
      "val_auroc": 0.8321508169174194,
      "val_cm_tn": 170.0,
      "val_cm_fp": 37.0,
      "val_cm_fn": 38.0,
      "val_cm_tp": 58.0,
      "train_loss": 0.6715347170829773,
      "train_acc": 0.7617865800857544,
      "train_f1": 0.6734693646430969,
      "learning_rate": 0.001
    },
    {
      "epoch": 7.0,
      "global_step": 304.0,
      "lr-AdamW": 0.0010000000474974513,
      "lr-AdamW-momentum": 0.8999999761581421,
      "val_loss": 0.6576724648475647,
      "val_acc": 0.7557755708694458,
      "val_precision": 0.5743243098258972,
      "val_recall": 0.8854166865348816,
      "val_f1": 0.6967213153839111,
      "val_auroc": 0.842944860458374,
      "val_cm_tn": 144.0,
      "val_cm_fp": 63.0,
      "val_cm_fn": 11.0,
      "val_cm_tp": 85.0,
      "train_loss": 0.6697971224784851,
      "train_acc": 0.7617865800857544,
      "train_f1": 0.679287314414978,
      "learning_rate": 0.001
    },
    {
      "epoch": 8.0,
      "global_step": 342.0,
      "lr-AdamW": 0.0005000000237487257,
      "lr-AdamW-momentum": 0.8999999761581421,
      "val_loss": 0.6622874736785889,
      "val_acc": 0.7524752616882324,
      "val_precision": 0.5686274766921997,
      "val_recall": 0.90625,
      "val_f1": 0.6987951993942261,
      "val_auroc": 0.8430454730987549,
      "val_cm_tn": 141.0,
      "val_cm_fp": 66.0,
      "val_cm_fn": 9.0,
      "val_cm_tp": 87.0,
      "train_loss": 0.6402919292449951,
      "train_acc": 0.7684036493301392,
      "train_f1": 0.6969696879386902,
      "learning_rate": 0.0005
    }
  ],
  "training_duration_seconds": 288.96900177001953,
  "best_epoch": 4,
  "best_model_path": "C:\\Users\\User\\Projects\\FYP2\\analysis_output_research\\experiments\\centralized\\run_7\\checkpoints\\pneumonia_model_03_0.927.ckpt",
  "config_snapshot": {
    "epochs": 10,
    "batch_size": 32,
    "learning_rate": 0.001,
    "seed": 1823969109
  },
  "timestamp": "2025-12-22T23:59:33.375156"
}