{
  "run_id": 9,
  "training_mode": "federated",
  "seed": 584708819,
  "final_metrics": {
    "accuracy": 0.7,
    "precision": 0.442748099565506,
    "recall": 0.7733333110809326,
    "f1": 0.5631067752838135,
    "auroc": 0.799763023853302,
    "loss": 0.5878111227353414
  },
  "metrics_history": [
    {
      "round": 0.0,
      "val_acc": 0.25,
      "val_precision": 0.25,
      "val_recall": 1.0,
      "val_f1": 0.4000000059604645,
      "val_auroc": 0.5322666764259338,
      "val_loss": 0.701046953201294
    },
    {
      "round": 1.0,
      "val_acc": 0.7233333333333334,
      "val_precision": 0.44594594836235046,
      "val_recall": 0.4399999976158142,
      "val_f1": 0.4429530203342438,
      "val_auroc": 0.7643259763717651,
      "val_loss": 0.5741364940007527
    },
    {
      "round": 2.0,
      "val_acc": 0.7,
      "val_precision": 0.442748099565506,
      "val_recall": 0.7733333110809326,
      "val_f1": 0.5631067752838135,
      "val_auroc": 0.799763023853302,
      "val_loss": 0.5878111227353414
    }
  ],
  "training_duration_seconds": 439.13279128074646,
  "best_epoch": 1,
  "best_model_path": null,
  "config_snapshot": {
    "num_clients": 5,
    "num_rounds": 5,
    "local_epochs": 2,
    "seed": 584708819
  },
  "timestamp": "2025-12-23T01:20:23.644638"
}