{
  "run_id": 2,
  "training_mode": "federated",
  "seed": 1497550866,
  "final_metrics": {
    "accuracy": 0.7433333333333333,
    "precision": 0.4897959232330322,
    "recall": 0.6399999856948853,
    "f1": 0.5549132823944092,
    "auroc": 0.809007465839386,
    "loss": 0.5133740270137787
  },
  "metrics_history": [
    {
      "round": 0.0,
      "val_acc": 0.25333333333333335,
      "val_precision": 0.2508361339569092,
      "val_recall": 1.0,
      "val_f1": 0.4010695219039917,
      "val_auroc": 0.5680592656135559,
      "val_loss": 0.7001328166325888
    },
    {
      "round": 1.0,
      "val_acc": 0.76,
      "val_precision": 0.800000011920929,
      "val_recall": 0.0533333346247673,
      "val_f1": 0.10000000149011612,
      "val_auroc": 0.7603555917739868,
      "val_loss": 0.5074355876445771
    },
    {
      "round": 2.0,
      "val_acc": 0.7433333333333333,
      "val_precision": 0.4897959232330322,
      "val_recall": 0.6399999856948853,
      "val_f1": 0.5549132823944092,
      "val_auroc": 0.809007465839386,
      "val_loss": 0.5133740270137787
    }
  ],
  "training_duration_seconds": 389.66688442230225,
  "best_epoch": 1,
  "best_model_path": null,
  "config_snapshot": {
    "num_clients": 5,
    "num_rounds": 5,
    "local_epochs": 2,
    "seed": 1497550866
  },
  "timestamp": "2025-12-23T00:28:34.228449"
}