{
  "run_id": 8,
  "training_mode": "federated",
  "seed": 1612272681,
  "final_metrics": {
    "accuracy": 0.7133333333333334,
    "precision": 0.4566929042339325,
    "recall": 0.7733333110809326,
    "f1": 0.5742574334144592,
    "auroc": 0.8075852990150452,
    "loss": 0.5562434490521749
  },
  "metrics_history": [
    {
      "round": 0.0,
      "val_acc": 0.25,
      "val_precision": 0.25,
      "val_recall": 1.0,
      "val_f1": 0.4000000059604645,
      "val_auroc": 0.5730370283126831,
      "val_loss": 0.7032222151756287
    },
    {
      "round": 1.0,
      "val_acc": 0.7633333333333333,
      "val_precision": 0.8333333134651184,
      "val_recall": 0.06666667014360428,
      "val_f1": 0.12345679104328156,
      "val_auroc": 0.7606518864631653,
      "val_loss": 0.5078127717971802
    },
    {
      "round": 2.0,
      "val_acc": 0.7133333333333334,
      "val_precision": 0.4566929042339325,
      "val_recall": 0.7733333110809326,
      "val_f1": 0.5742574334144592,
      "val_auroc": 0.8075852990150452,
      "val_loss": 0.5562434490521749
    }
  ],
  "training_duration_seconds": 463.0977692604065,
  "best_epoch": 1,
  "best_model_path": null,
  "config_snapshot": {
    "num_clients": 5,
    "num_rounds": 5,
    "local_epochs": 2,
    "seed": 1612272681
  },
  "timestamp": "2025-12-23T01:13:04.505765"
}