{
  "run_id": 5,
  "training_mode": "federated",
  "seed": 1746111928,
  "final_metrics": {
    "accuracy": 0.71,
    "precision": 0.4508196711540222,
    "recall": 0.7333333492279053,
    "f1": 0.5583756566047668,
    "auroc": 0.8039111495018005,
    "loss": 0.5694469694296519
  },
  "metrics_history": [
    {
      "round": 0.0,
      "val_acc": 0.75,
      "val_precision": 0.0,
      "val_recall": 0.0,
      "val_f1": 0.0,
      "val_auroc": 0.5393481254577637,
      "val_loss": 0.6660412414868673
    },
    {
      "round": 1.0,
      "val_acc": 0.6566666666666666,
      "val_precision": 0.3970588147640228,
      "val_recall": 0.7200000286102295,
      "val_f1": 0.5118483304977417,
      "val_auroc": 0.7335110902786255,
      "val_loss": 0.6605935875574748
    },
    {
      "round": 2.0,
      "val_acc": 0.71,
      "val_precision": 0.4508196711540222,
      "val_recall": 0.7333333492279053,
      "val_f1": 0.5583756566047668,
      "val_auroc": 0.8039111495018005,
      "val_loss": 0.5694469694296519
    }
  ],
  "training_duration_seconds": 432.36467146873474,
  "best_epoch": 3,
  "best_model_path": null,
  "config_snapshot": {
    "num_clients": 5,
    "num_rounds": 5,
    "local_epochs": 2,
    "seed": 1746111928
  },
  "timestamp": "2025-12-23T00:50:05.047557"
}